SIZE,Sequential,p=1,p=3,p=6
1000,341305.08,783112.41,597800.50,1210196.10
2000,532155.46,1050338.17,1487509.84,1622919.43
4000,803886.70,1780923.80,2594177.13,2748050.00
8000,1487358.68,4155017.31,4956358.45,5916337.40
16000,3306609.18,8081513.05,10308916.41,11745095.80
32000,6641293.82,15744836.69,20363533.77,23852442.54
64000,22022028.93,32242158.20,40478581.12,46174935.70
128000,46736987.15,66610289.15,86745025.38,92997020.42
256000,93516216.06,138942535.17,185156531.72,193871103.85
512000,183389534.63,297186024.75,400323352.24,438895470.57
1024000,378645572.81,632450019.98,854717351.09,944499352.57
2048000,786312971.07,1385186134.58,1918942416.73,2049096699.26
4096000,1693524358.96,3053034044.77,4097646020.98,4554639569.30