SIZE,Basic,p=1,p=3,p=6
1000,7354.21,19657.84,21228.07,22668.18
2000,7594.20,24069.79,25529.98,26668.52
4000,14444.46,32265.63,31687.24,33304.21
8000,30129.89,43720.22,44862.44,47630.77
16000,58982.66,86175.49,89409.63,84677.68
32000,141237.99,139617.03,120049.03,121030.86
64000,308524.24,253008.40,185413.64,183205.40
128000,481074.57,462406.53,310079.02,264174.21
256000,950820.13,915771.94,462556.83,422433.58
512000,1945846.50,1845162.70,778392.42,662295.19
1024000,3904873.84,3628416.87,1404127.42,1059767.00
2048000,7526484.72,7190507.58,2654089.30,1753303.91
4096000,14482747.74,14151839.87,5070318.92,3144513.60
8192000,28630446.69,28260513.26,9971286.22,5963673.02
16384000,57021269.13,56717144.84,19809737.73,11978811.23
32768000,113257554.14,112610469.13,40447969.08,23329373.14
65536000,226555577.93,224752158.31,83835144.65,48373689.57
